Kaiser,Massot,kmassot0@scientificamerican.com
Nannette,Jiruca,njiruca1@amazon.co.uk
Natty,Pollendine,npollendine2@ed.gov
Janie,Pipping,jpipping3@eepurl.com
Krystyna,Greeve,kgreeve4@cnet.com
Olenka,Firmin,ofirmin5@go.com
Sergio,Minter,sminter6@google.com.br
Weston,Conerding,wconerding7@de.vu
Nataniel,Coxhead,ncoxhead8@arstechnica.com
Dennison,Tottie,dtottie9@patch.com
Pris,Earpe,pearpea@usatoday.com
Darryl,Marcinkowski,dmarcinkowskib@exblog.jp
Tove,Fearnehough,tfearnehoughc@rediff.com
Jackson,Sotheron,jsotherond@hatena.ne.jp
Mabel,Gutans,mgutanse@dedecms.com
Orlan,McUre,omcuref@msu.edu
Brooke,MacMickan,bmacmickang@dmoz.org
Anastasia,Gilbody,agilbodyh@cbc.ca
Kayne,Semmence,ksemmencei@illinois.edu
Christos,Utting,cuttingj@oaic.gov.au
Heinrick,Slipper,hslipperk@yellowbook.com
Sarge,Akerman,sakermanl@hc360.com
Amalie,Seakin,aseakinm@sciencedirect.com
Garrott,Hall,ghalln@creativecommons.org
Gilligan,Cunah,gcunaho@whitehouse.gov
Karoly,Myrkus,kmyrkusp@census.gov
Aura,Rhyme,arhymeq@blogger.com
Wald,Beckhurst,wbeckhurstr@etsy.com
Thayne,Danis,tdaniss@i2i.jp
Marvin,Eslinger,meslingert@symantec.com
Federica,Abbatt,fabbattu@furl.net
Axe,Margetson,amargetsonv@jiathis.com
Valery,Salamon,vsalamonw@newyorker.com
Abdul,Scholz,ascholzx@vk.com
Ram,Yukhin,ryukhiny@free.fr
Ferguson,Gaudon,fgaudonz@telegraph.co.uk
Mitch,Lyon,mlyon10@guardian.co.uk
Camila,Moxon,cmoxon11@plala.or.jp
Trumann,Janssens,tjanssens12@devhub.com
Janina,Skelbeck,jskelbeck13@cpanel.net
Torrance,Franken,tfranken14@japanpost.jp
Hendrick,Rowsel,hrowsel15@360.cn
Merna,Pallatina,mpallatina16@vk.com
Marinna,Pistol,mpistol17@ask.com
Jacquenette,Corson,jcorson18@miitbeian.gov.cn
Anne,Mitchley,amitchley19@pagesperso-orange.fr
Andras,Olifaunt,aolifaunt1a@state.gov
Morgan,Hambelton,mhambelton1b@blog.com
Mahmud,Orhtmann,morhtmann1c@tiny.cc
Dannie,O'Lenane,dolenane1d@amazon.com
Gris,Garr,ggarr1e@rambler.ru
Mari,Sellor,msellor1f@princeton.edu
Sauveur,Rawstorne,srawstorne1g@narod.ru
Aloysius,Prover,aprover1h@nytimes.com
Mirilla,Yurasov,myurasov1i@yahoo.com
Maury,Gussin,mgussin1j@symantec.com
Sybille,O'Sheerin,sosheerin1k@i2i.jp
Eduardo,Broggio,ebroggio1l@umn.edu
Tadeas,Kener,tkener1m@prlog.org
Brenda,Divill,bdivill1n@pagesperso-orange.fr
Glynis,Barby,gbarby1o@microsoft.com
Melany,Haggata,mhaggata1p@abc.net.au
Abramo,Mitton,amitton1q@psu.edu
Alfred,Maro,amaro1r@indiegogo.com
Judas,Casol,jcasol1s@dot.gov
Davey,Hillaby,dhillaby1t@buzzfeed.com
Adeline,Stagge,astagge1u@opensource.org
Wanda,Cokayne,wcokayne1v@bloomberg.com
Padraic,Letessier,pletessier1w@wikipedia.org
Cleon,McBeith,cmcbeith1x@123-reg.co.uk
Celestine,Chasier,cchasier1y@4shared.com
Carlyle,Dearnly,cdearnly1z@ifeng.com
Sansone,Gillibrand,sgillibrand20@nydailynews.com
Cahra,Gajewski,cgajewski21@adobe.com
Georgi,Caulton,gcaulton22@dmoz.org
Ginger,Balaam,gbalaam23@netlog.com
Rhiamon,Scott,rscott24@furl.net
Patton,Adamek,padamek25@pagesperso-orange.fr
Freddie,Emblow,femblow26@cnet.com
Oates,Bengall,obengall27@elpais.com
Philbert,Klaves,pklaves28@squidoo.com
Maurise,Stanbridge,mstanbridge29@hugedomains.com
Brent,Short,bshort2a@chronoengine.com
Jamey,Smaling,jsmaling2b@about.me
Kerry,MacCrossan,kmaccrossan2c@devhub.com
Correna,Siley,csiley2d@cdbaby.com
Arlie,Blandamore,ablandamore2e@usatoday.com
Arlie,Pontefract,apontefract2f@japanpost.jp
Malva,Martschke,mmartschke2g@ebay.co.uk
Donall,Berk,dberk2h@edublogs.org
Davis,Iacopetti,diacopetti2i@themeforest.net
Candida,Dixsee,cdixsee2j@themeforest.net
Solly,Allbrook,sallbrook2k@npr.org
Wylma,Bold,wbold2l@chicagotribune.com
Giana,Shafto,gshafto2m@upenn.edu
Willis,Thacker,wthacker2n@diigo.com
De,Pauwel,dpauwel2o@disqus.com
Rosana,Kenington,rkenington2p@bbc.co.uk
Jdavie,Bardey,jbardey2q@cnet.com
Wilhelmina,Samsin,wsamsin2r@posterous.com
